cliente_id,valor_periodo,frequencia,recencia_dias,shopping_principal,genero,segmento_principal,R_score,F_score,V_score,score_total,perfil_quintis
168,155.34,1,12,Continente Shopping,Feminino,Gastronomia,3,1,2,6,Pontual
617,9.99,1,6,Garten Shopping,Feminino,Farmácias,3,1,1,5,Pontual
1278,2048.5,2,27,Balneário Shopping,Feminino,Moda,1,4,5,10,Premium
1496,657.5,1,11,Balneário Shopping,Masculino,Moda,3,1,3,7,Potencial
1705,508.5,2,22,Balneário Shopping,Feminino,Moda,1,4,3,8,Potencial
2374,159.0,1,26,Balneário Shopping,Masculino,Moda,1,1,1,3,Pontual
2916,379.5,1,3,Balneário Shopping,Feminino,Moda,5,1,2,8,Potencial
4698,887.5,1,12,Balneário Shopping,Feminino,Moda,3,1,4,8,Potencial
4882,1546.5,1,3,Balneário Shopping,Feminino,Moda,5,1,5,11,Premium
4898,279.5,1,4,Balneário Shopping,Feminino,Moda,5,1,2,8,Potencial
5116,156.8,1,14,Continente Shopping,Masculino,Beleza e Bem-estar,3,1,2,6,Pontual
6270,1744.2,1,1,Balneário Shopping,Feminino,Moda Feminina,5,1,5,11,Premium
6499,112.19,1,6,Neumarkt Shopping,Feminino,Eletrodomésticos,4,1,2,7,Potencial
6855,463.97,1,17,Continente Shopping,Masculino,Moda,2,1,4,7,Potencial
6910,965.0,3,27,Balneário Shopping,Feminino,Moda,1,5,4,10,Premium
8311,334.43,6,1,Continente Shopping,Feminino,Gastronomia,5,5,3,13,VIP
10378,6736.0,1,28,Neumarkt Shopping,Masculino,Telefonia,1,1,5,7,Potencial
12640,628.0,2,16,Balneário Shopping,Feminino,Moda,2,4,3,9,Potencial
14583,2468.2,1,7,Continente Shopping,Feminino,Telefonia,4,1,5,10,Premium
15737,600.0,1,20,Continente Shopping,Feminino,Telefonia,2,1,4,7,Potencial
16663,299.99,1,28,Continente Shopping,Masculino,Moda,1,1,3,5,Pontual
17176,2092.75,4,6,Balneário Shopping,Feminino,Moda,4,5,5,14,VIP
17655,627.0,2,0,Balneário Shopping,Masculino,Moda,5,4,3,12,Premium
18973,55.9,1,3,Neumarkt Shopping,Feminino,Beleza e Bem-estar,5,1,1,7,Potencial
19743,418.5,1,7,Balneário Shopping,Feminino,Moda,4,1,2,7,Potencial
19849,1077.0,3,4,Balneário Shopping,Masculino,Moda,5,5,4,14,VIP
19894,216.96,2,9,Neumarkt Shopping,Feminino,Calçados,2,3,3,8,Potencial
20620,264.0,1,3,Neumarkt Shopping,Masculino,Beleza e Bem-estar,5,1,3,9,Potencial
20643,25.0,1,3,Balneário Shopping,Feminino,Gastronomia,5,1,1,7,Potencial
20651,2043.0,3,0,Balneário Shopping,Feminino,Moda,5,5,5,15,VIP
20698,907.4,1,15,Balneário Shopping,Masculino,Beleza e Bem-estar,2,1,4,7,Potencial
21069,133.0,1,28,Continente Shopping,Feminino,Joalheria,1,1,2,4,Pontual
21110,1161.77,2,7,Continente Shopping,Feminino,Calçados,4,4,5,13,VIP
21352,379.5,1,1,Balneário Shopping,Feminino,Moda,5,1,2,8,Potencial
21460,898.5,3,16,Balneário Shopping,Feminino,Moda,2,5,4,11,Premium
21747,379.5,1,3,Balneário Shopping,Feminino,Moda,5,1,2,8,Potencial
21808,129.0,1,4,Balneário Shopping,Feminino,Moda,5,1,1,7,Potencial
22636,894.5,2,6,Balneário Shopping,Feminino,Moda,4,4,4,12,Premium
22787,1643.5,1,24,Balneário Shopping,Masculino,Moda,1,1,5,7,Potencial
22800,1887.0,1,12,Balneário Shopping,Feminino,Moda,3,1,5,9,Potencial
23018,93.7,1,6,Neumarkt Shopping,Feminino,Beleza e Bem-estar,3,1,1,5,Pontual
23932,681.78,2,3,Neumarkt Shopping,Feminino,Infantil,5,3,4,12,Premium
24142,236.41,3,8,Neumarkt Shopping,Masculino,Casa e Decoração,3,4,3,10,Premium
24279,148.5,1,11,Balneário Shopping,Feminino,Moda,3,1,1,5,Pontual
24321,1693.0,1,22,Balneário Shopping,Masculino,Moda,1,1,5,7,Potencial
24912,399.97,1,18,Balneário Shopping,Masculino,Casa e Decoração,2,1,2,5,Pontual
25218,334.5,1,3,Balneário Shopping,Masculino,Moda,5,1,2,8,Potencial
25659,458.0,1,23,Balneário Shopping,Feminino,Moda,1,1,3,5,Pontual
25686,492.98,2,5,Continente Shopping,Feminino,Esportes,4,4,4,12,Premium
26871,599.0,1,9,Balneário Shopping,Masculino,Joalheria,3,1,3,7,Potencial
27302,273.73,1,26,Balneário Shopping,Feminino,Gastronomia,1,1,2,4,Pontual
27431,703.5,1,2,Balneário Shopping,Feminino,Moda,5,1,4,10,Premium
27839,201.0,1,5,Balneário Shopping,Masculino,Moda,4,1,1,6,Pontual
28284,2098.0,1,3,Neumarkt Shopping,Feminino,Telefonia,5,1,5,11,Premium
28906,149.99,1,12,Balneário Shopping,Masculino,Moda,3,1,1,5,Pontual
29585,592.38,5,6,Garten Shopping,Feminino,Calçados,3,5,3,11,Premium
29669,626.48,7,10,Neumarkt Shopping,Feminino,Casa e Decoração,2,5,4,11,Premium
30285,997.5,2,11,Balneário Shopping,Feminino,Moda,3,4,4,11,Premium
30292,817.5,2,22,Balneário Shopping,Feminino,Moda,1,4,4,9,Potencial
31359,244.5,1,6,Balneário Shopping,Feminino,Moda,4,1,1,6,Pontual
31383,2708.0,2,8,Neumarkt Shopping,Masculino,Gastronomia,3,4,5,12,Premium
31789,438.5,1,7,Balneário Shopping,Feminino,Moda,4,1,3,8,Potencial
32036,776.0,1,10,Balneário Shopping,Feminino,Moda,3,1,4,8,Potencial
32348,258.5,1,17,Balneário Shopping,Feminino,Moda,2,1,1,4,Pontual
32586,641.42,3,5,Continente Shopping,Feminino,Beleza e Bem-estar,4,5,4,13,VIP
33489,229.99,1,0,Continente Shopping,Masculino,Moda,5,1,2,8,Potencial
34423,159.0,1,4,Balneário Shopping,Feminino,Moda,5,1,1,7,Potencial
36441,750.5,1,6,Balneário Shopping,Feminino,Moda,4,1,4,9,Potencial
36636,358.5,2,27,Balneário Shopping,Feminino,Moda,1,4,2,7,Potencial
37937,616.5,2,10,Balneário Shopping,Feminino,Moda,3,4,3,10,Premium
38080,229.0,1,4,Balneário Shopping,Masculino,Moda,5,1,1,7,Potencial
39450,849.98,1,14,Balneário Shopping,Masculino,Calçados,2,1,4,7,Potencial
40429,3510.4,12,4,Neumarkt Shopping,Feminino,Gastronomia,4,5,5,14,VIP
41029,917.0,3,18,Balneário Shopping,Masculino,Moda,2,5,4,11,Premium
41054,566.5,1,24,Balneário Shopping,Feminino,Moda,1,1,3,5,Pontual
41276,139.99,1,7,Balneário Shopping,Feminino,Farmácias,4,1,1,6,Pontual
41507,339.95,1,4,Continente Shopping,Feminino,Moda,5,1,3,9,Potencial
41849,264.5,1,7,Balneário Shopping,Feminino,Calçados,4,1,2,7,Potencial
42458,200.0,2,0,Balneário Shopping,Feminino,Moda,5,4,1,10,Premium
44898,757.5,1,3,Balneário Shopping,Masculino,Moda,5,1,4,10,Premium
45039,637.5,1,23,Balneário Shopping,Feminino,Moda,1,1,3,5,Pontual
45639,288.0,2,5,Balneário Shopping,Masculino,Moda,4,4,2,10,Premium
47587,194.5,1,24,Balneário Shopping,Feminino,Moda,1,1,1,3,Pontual
47963,1841.5,1,4,Balneário Shopping,Feminino,Moda,5,1,5,11,Premium
49044,19.99,1,9,Continente Shopping,Feminino,Calçados,3,1,1,5,Pontual
50170,125.94999999999999,2,0,Continente Shopping,Feminino,Moda,5,4,2,11,Premium
52099,249.45,1,11,Nações Shopping,Masculino,Calçados,4,1,2,7,Potencial
53071,152.98,1,28,Continente Shopping,Feminino,Moda,1,1,2,4,Pontual
53075,412.1,2,11,Neumarkt Shopping,Nao Informado,Joalheria,2,4,4,10,Premium
53185,2083.0,1,25,Balneário Shopping,Feminino,Moda,1,1,5,7,Potencial
53831,866.24,21,4,Nações Shopping,Feminino,Gastronomia,5,5,5,15,VIP
54221,138.5,1,10,Balneário Shopping,Feminino,Moda,3,1,1,5,Pontual
56465,159.5,1,15,Balneário Shopping,Masculino,Moda,2,1,1,4,Pontual
57019,299.5,1,25,Balneário Shopping,Feminino,Moda,1,1,2,4,Pontual
57491,51.38,1,14,Neumarkt Shopping,Feminino,Pets,1,1,1,3,Pontual
57576,861.88,2,3,Garten Shopping,Feminino,Calçados,5,4,4,13,VIP
57632,612.81,3,6,Garten Shopping,Feminino,Casa e Decoração,3,5,3,11,Premium
57653,72.96,1,9,Garten Shopping,Feminino,Farmácias,2,1,1,4,Pontual
58474,599.5,1,7,Balneário Shopping,Feminino,Moda,4,1,3,8,Potencial
58565,524.74,7,1,Garten Shopping,Masculino,Gastronomia,5,5,3,13,VIP
58668,159.98,1,19,Nações Shopping,Masculino,Moda,2,1,2,5,Pontual
58785,83.0,1,15,Garten Shopping,Feminino,Gastronomia,1,1,2,4,Pontual
58830,379.5,1,17,Balneário Shopping,Feminino,Moda,2,1,2,5,Pontual
58949,287.4,1,10,Garten Shopping,Feminino,Moda Feminina,2,1,2,5,Pontual
59234,399.0,1,2,Balneário Shopping,Masculino,Beleza e Bem-estar,5,1,2,8,Potencial
60015,129.5,1,3,Balneário Shopping,Feminino,Moda,5,1,1,7,Potencial
60154,1204.5,1,28,Balneário Shopping,Feminino,Moda,1,1,5,7,Potencial
60984,1382.5,2,3,Balneário Shopping,Feminino,Moda,5,4,5,14,VIP
61090,149.75,1,19,Balneário Shopping,Masculino,Moda,2,1,1,4,Pontual
61274,69.98,1,10,Garten Shopping,Feminino,Farmácias,2,1,1,4,Pontual
64435,759.0,1,25,Balneário Shopping,Feminino,Moda,1,1,4,6,Pontual
64467,27.5,1,6,Garten Shopping,Feminino,Gastronomia,3,1,1,5,Pontual
65321,695.5,1,12,Balneário Shopping,Feminino,Moda,3,1,4,8,Potencial
65499,399.7,1,0,Continente Shopping,Masculino,Calçados,5,1,4,10,Premium
66361,899.8,1,10,Garten Shopping,Feminino,Calçados,2,1,4,7,Potencial
67882,119.5,1,5,Balneário Shopping,Feminino,Moda,4,1,1,6,Pontual
69051,29.0,1,12,Neumarkt Shopping,Feminino,Lazer,2,1,1,4,Pontual
69172,44.94,1,12,Neumarkt Shopping,Feminino,Eletrodomésticos,2,1,1,4,Pontual
69559,1119.02,1,3,Garten Shopping,Masculino,Casa e Decoração,5,1,4,10,Premium
71293,458.5,1,8,Balneário Shopping,Masculino,Moda,3,1,3,7,Potencial
72148,597.0,2,8,Balneário Shopping,Feminino,Moda,3,4,3,10,Premium
72545,648.5,1,9,Balneário Shopping,Feminino,Moda,3,1,3,7,Potencial
72585,737.5,2,0,Balneário Shopping,Masculino,Moda,5,4,4,13,VIP
72797,295.0,1,2,Balneário Shopping,Feminino,Moda,5,1,2,8,Potencial
72844,199.5,1,4,Balneário Shopping,Masculino,Moda,5,1,1,7,Potencial
73092,1515.0,1,12,Garten Shopping,Masculino,Gastronomia,1,1,4,6,Pontual
73397,600.9,2,5,Continente Shopping,Masculino,Beleza e Bem-estar,4,4,4,12,Premium
73453,4.49,1,11,Norte Shopping,Feminino,Eletrodomésticos,2,1,1,4,Pontual
74500,99.8,2,0,Neumarkt Shopping,Masculino,Livrarias,5,4,2,11,Premium
74617,719.0,1,10,Balneário Shopping,Feminino,Moda,3,1,4,8,Potencial
75175,779.95,1,27,Continente Shopping,Feminino,Moda,2,1,5,8,Potencial
77079,1056.25,2,4,Balneário Shopping,Feminino,Moda,5,4,4,13,VIP
77473,858.0,2,0,Balneário Shopping,Feminino,Moda,5,4,4,13,VIP
78301,279.5,1,28,Balneário Shopping,Feminino,Moda,1,1,2,4,Pontual
78508,367.5,1,10,Balneário Shopping,Feminino,Moda,3,1,2,6,Pontual
82671,359.97,2,6,Continente Shopping,Feminino,Moda,4,4,3,11,Premium
85251,717.0,1,11,Balneário Shopping,Feminino,Moda,3,1,4,8,Potencial
85601,138.5,1,15,Balneário Shopping,Feminino,Moda,2,1,1,4,Pontual
86667,804.5,1,11,Balneário Shopping,Feminino,Moda,3,1,4,8,Potencial
87811,63.0,1,6,Balneário Shopping,Feminino,Joalheria,4,1,1,6,Pontual
88582,756.0,1,3,Balneário Shopping,Feminino,Moda,5,1,4,10,Premium
88641,329.95,1,18,Continente Shopping,Feminino,Moda,2,1,3,6,Pontual
89246,40.9,1,16,Neumarkt Shopping,Feminino,Gastronomia,1,1,1,3,Pontual
91015,105.0,1,15,Balneário Shopping,Feminino,Moda,2,1,1,4,Pontual
91153,485.92,2,10,Continente Shopping,Feminino,Moda,3,4,4,11,Premium
91196,1835.1,2,4,Balneário Shopping,Feminino,Gastronomia,5,4,5,14,VIP
91285,2182.5,3,0,Balneário Shopping,Feminino,Moda,5,5,5,15,VIP
91570,298.0,1,25,Continente Shopping,Feminino,Casa e Decoração,2,1,3,6,Pontual
91983,860.0,2,4,Balneário Shopping,Feminino,Moda,5,4,4,13,VIP
92221,1336.5,1,21,Balneário Shopping,Feminino,Moda,1,1,5,7,Potencial
92809,754.5,1,28,Balneário Shopping,Feminino,Moda,1,1,4,6,Pontual
92922,593.5,2,27,Balneário Shopping,Feminino,Moda,1,4,3,8,Potencial
92958,791.5,1,6,Balneário Shopping,Feminino,Moda,4,1,4,9,Potencial
93394,817.5,1,7,Balneário Shopping,Feminino,Moda,4,1,4,9,Potencial
94339,72.21000000000001,2,16,Continente Shopping,Masculino,Lazer,2,4,1,7,Potencial
95108,1153.0,2,23,Balneário Shopping,Feminino,Moda,1,4,5,10,Premium
95934,268.0,1,9,Balneário Shopping,Feminino,Moda,3,1,2,6,Pontual
96689,878.5,2,4,Balneário Shopping,Feminino,Moda,5,4,4,13,VIP
97144,259.5,1,0,Balneário Shopping,Masculino,Moda,5,1,2,8,Potencial
97354,369.7,1,27,Balneário Shopping,Feminino,Moda,1,1,2,4,Pontual
98936,596.5,2,28,Balneário Shopping,Feminino,Moda,1,4,3,8,Potencial
99060,4.5,1,11,Continente Shopping,Feminino,Gastronomia,3,1,1,5,Pontual
100109,99.0,1,27,Balneário Shopping,Feminino,Moda,1,1,1,3,Pontual
100632,299.22,4,6,Neumarkt Shopping,Feminino,Gastronomia,3,4,3,10,Premium
100740,69.47,2,7,Continente Shopping,Nao Informado,Eletrodomésticos,4,4,1,9,Potencial
101236,19.0,1,8,Continente Shopping,Feminino,Gastronomia,4,1,1,6,Pontual
101286,2062.0,3,1,Balneário Shopping,Feminino,Moda,5,5,5,15,VIP
101707,79.98,1,27,Continente Shopping,Feminino,Moda,2,1,1,4,Pontual
102063,1205.5,2,2,Balneário Shopping,Feminino,Moda,5,4,5,14,VIP
102693,589.7,1,15,Continente Shopping,Feminino,Calçados,2,1,4,7,Potencial
102895,155.0,1,5,Balneário Shopping,Masculino,Moda,4,1,1,6,Pontual
103018,69.9,1,5,Continente Shopping,Masculino,Moda,4,1,1,6,Pontual
103108,1425.0,3,15,Balneário Shopping,Feminino,Moda,2,5,5,12,Premium
103327,956.5,1,4,Balneário Shopping,Feminino,Moda,4,1,4,9,Potencial
103470,2088.12,1,4,Neumarkt Shopping,Masculino,Telefonia,4,1,5,10,Premium
103584,312.0,2,12,Balneário Shopping,Feminino,Moda,3,4,2,9,Potencial
103744,175.56,1,13,Continente Shopping,Feminino,Gastronomia,3,1,2,6,Pontual
104290,1716.08,4,12,Continente Shopping,Masculino,Calçados,3,5,5,13,VIP
104321,22.72,1,3,Neumarkt Shopping,Feminino,Gastronomia,5,1,1,7,Potencial
104735,77.5,1,5,Balneário Shopping,Feminino,Moda,4,1,1,6,Pontual
104787,202.0,1,2,Balneário Shopping,Feminino,Moda,5,1,1,7,Potencial
105198,159.5,1,17,Balneário Shopping,Feminino,Moda,2,1,1,4,Pontual
105203,1146.5,1,11,Balneário Shopping,Feminino,Moda,3,1,5,9,Potencial
105557,198.0,1,5,Balneário Shopping,Feminino,Moda,4,1,1,6,Pontual
106758,607.5,1,25,Balneário Shopping,Feminino,Moda,1,1,3,5,Pontual
107107,586.4599999999999,3,29,Continente Shopping,Masculino,Moda,1,5,4,10,Premium
107452,878.25,4,12,Balneário Shopping,Masculino,Moda,3,5,4,12,Premium
107927,509.5,1,12,Balneário Shopping,Feminino,Moda,3,1,3,7,Potencial
108448,1236.5,1,4,Balneário Shopping,Masculino,Moda,4,1,5,10,Premium
108811,475.0,1,3,Balneário Shopping,Feminino,Moda,5,1,3,9,Potencial
109000,315.93,1,6,Continente Shopping,Masculino,Moda,4,1,3,8,Potencial
110081,105.97,1,4,Continente Shopping,Feminino,Moda,5,1,2,8,Potencial
111446,128.0,1,0,Balneário Shopping,Feminino,Moda,5,1,1,7,Potencial
111469,959.8,2,8,Continente Shopping,Masculino,Calçados,4,4,5,13,VIP
111832,4102.5,2,1,Balneário Shopping,Feminino,Moda,5,4,5,14,VIP
111948,259.5,1,11,Balneário Shopping,Feminino,Moda,3,1,2,6,Pontual
112014,498.5,1,17,Balneário Shopping,Feminino,Moda,2,1,3,6,Pontual
112029,942.49,2,4,Balneário Shopping,Feminino,Calçados,4,4,4,12,Premium
112059,19.0,1,6,Continente Shopping,Feminino,Gastronomia,4,1,1,6,Pontual
112110,1900.0,1,14,Norte Shopping,Feminino,Eletrônicos,2,1,5,8,Potencial
112200,504.79,5,2,Neumarkt Shopping,Feminino,Calçados,5,5,4,14,VIP
112262,79.98,1,14,Continente Shopping,Feminino,Moda,3,1,1,5,Pontual
112272,438.62,2,3,Continente Shopping,Masculino,Eletrodomésticos,5,4,4,13,VIP
113044,207.5,1,16,Balneário Shopping,Feminino,Moda,2,1,1,4,Pontual
113259,2610.0,3,5,Balneário Shopping,Feminino,Moda,4,5,5,14,VIP
113431,222.9,2,12,Neumarkt Shopping,Feminino,Beleza e Bem-estar,2,4,3,9,Potencial
113432,35.1,2,2,Garten Shopping,Masculino,Gastronomia,5,5,1,11,Premium
113512,429.1,2,11,Balneário Shopping,Feminino,Calçados,3,4,3,10,Premium
113777,174.5,1,8,Balneário Shopping,Feminino,Moda,3,1,1,5,Pontual
113867,49.99,1,27,Continente Shopping,Feminino,Moda,2,1,1,4,Pontual
113875,678.0,2,14,Balneário Shopping,Feminino,Moda,2,4,4,10,Premium
113949,533.5,2,8,Balneário Shopping,Feminino,Moda,3,4,3,10,Premium
114223,1434.5,1,4,Balneário Shopping,Feminino,Moda,4,1,5,10,Premium
114681,776.5,1,18,Balneário Shopping,Feminino,Moda,2,1,4,7,Potencial
114715,1195.5,1,27,Balneário Shopping,Feminino,Moda,1,1,5,7,Potencial
114958,1405.5,1,18,Balneário Shopping,Masculino,Moda,2,1,5,8,Potencial
115022,390.5,2,3,Balneário Shopping,Masculino,Moda,5,4,2,11,Premium
115168,20.0,1,26,Norte Shopping,Feminino,Gastronomia,1,1,1,3,Pontual
115438,608.5,1,4,Balneário Shopping,Feminino,Moda,4,1,3,8,Potencial
115457,319.5,1,11,Balneário Shopping,Feminino,Moda,3,1,2,6,Pontual
115563,857.5,2,1,Balneário Shopping,Feminino,Moda,5,4,4,13,VIP
115712,229.0,1,28,Balneário Shopping,Feminino,Moda,1,1,1,3,Pontual
115763,129.0,1,17,Balneário Shopping,Masculino,Moda,2,1,1,4,Pontual
115790,448.78999999999996,2,5,Balneário Shopping,Feminino,Farmácias,4,4,3,11,Premium
115794,74.98,1,18,Continente Shopping,Feminino,Farmácias,2,1,1,4,Pontual
115853,189.0,1,26,Balneário Shopping,Feminino,Moda,1,1,1,3,Pontual
115946,189.97,1,11,Continente Shopping,Feminino,Moda,3,1,2,6,Pontual
116002,1169.5,1,12,Balneário Shopping,Masculino,Moda,3,1,5,9,Potencial
116093,1694.75,1,3,Balneário Shopping,Feminino,Moda,5,1,5,11,Premium
116220,636.5,1,25,Balneário Shopping,Feminino,Moda,1,1,3,5,Pontual
116231,1334.0,2,12,Balneário Shopping,Feminino,Joalheria,3,5,5,13,VIP
116415,2300.0,2,8,Balneário Shopping,Feminino,Moda,3,5,5,13,VIP
116591,599.0,1,20,Balneário Shopping,Feminino,Calçados,1,1,3,5,Pontual
116672,159.5,1,6,Balneário Shopping,Feminino,Moda,4,1,1,6,Pontual
116727,549.8,1,2,Continente Shopping,Masculino,Calçados,5,2,4,11,Premium
116943,463.5,1,24,Balneário Shopping,Feminino,Moda,1,1,3,5,Pontual
117131,339.5,1,17,Balneário Shopping,Masculino,Moda,2,1,2,5,Pontual
117248,2298.32,8,3,Neumarkt Shopping,Feminino,Gastronomia,5,5,5,15,VIP
117400,167.0,1,1,Balneário Shopping,Feminino,Moda,5,1,1,7,Potencial
117422,178.5,1,0,Balneário Shopping,Masculino,Moda,5,1,1,7,Potencial
117457,618.5,1,9,Balneário Shopping,Feminino,Moda,3,1,3,7,Potencial
117591,155.29,1,7,Balneário Shopping,Feminino,Gastronomia,4,1,1,6,Pontual
117595,348.5,1,19,Balneário Shopping,Masculino,Moda,2,1,2,5,Pontual
117636,976.5,1,25,Balneário Shopping,Feminino,Moda,1,1,4,6,Pontual
117776,537.5,2,20,Balneário Shopping,Feminino,Moda,1,5,3,9,Potencial
117801,140.37,3,5,Norte Shopping,Masculino,Calçados,5,4,2,11,Premium
117834,1091.5,1,6,Balneário Shopping,Masculino,Moda,4,1,5,10,Premium
117839,1725.5,2,16,Balneário Shopping,Feminino,Moda,2,5,5,12,Premium
118065,538.5,1,19,Balneário Shopping,Feminino,Moda,2,1,3,6,Pontual
118169,269.5,1,1,Balneário Shopping,Feminino,Moda,5,1,2,8,Potencial
118283,178.99,2,28,Continente Shopping,Feminino,Moda,1,4,2,7,Potencial
118298,3089.5,1,21,Balneário Shopping,Feminino,Moda,1,2,5,8,Potencial
118339,518.5,1,11,Balneário Shopping,Feminino,Moda,3,2,3,8,Potencial
118712,179.5,1,3,Balneário Shopping,Masculino,Moda,5,2,1,8,Potencial
118753,2197.94,1,24,Garten Shopping,Feminino,Moda,1,1,5,7,Potencial
118962,289.9,1,2,Continente Shopping,Masculino,Calçados,5,2,3,10,Premium
119027,1274.0,2,19,Balneário Shopping,Feminino,Moda,1,5,5,11,Premium
119038,1549.0,4,1,Balneário Shopping,Masculino,Moda,5,5,5,15,VIP
119187,533.5,2,10,Balneário Shopping,Feminino,Moda,3,5,3,11,Premium
119189,207.56,1,16,Neumarkt Shopping,Feminino,Pets,1,2,2,5,Pontual
119191,269.25,1,20,Balneário Shopping,Feminino,Moda,1,2,2,5,Pontual
119275,105.0,1,2,Balneário Shopping,Masculino,Moda,5,2,1,8,Potencial
119297,2248.5,2,16,Balneário Shopping,Feminino,Moda,2,5,5,12,Premium
119328,1065.5,2,4,Balneário Shopping,Masculino,Moda,4,5,4,13,VIP
119441,18.98,1,8,Norte Shopping,Feminino,Eletrodomésticos,3,1,1,5,Pontual
119446,1026.7,2,3,Balneário Shopping,Feminino,Gastronomia,5,5,4,14,VIP
119449,54.47,1,21,Continente Shopping,Masculino,Gastronomia,2,2,1,5,Pontual
119491,1324.0,3,4,Balneário Shopping,Feminino,Moda,4,5,5,14,VIP
119587,2391.0,3,21,Balneário Shopping,Feminino,Moda,1,5,5,11,Premium
119925,279.5,1,6,Balneário Shopping,Feminino,Moda,4,2,2,8,Potencial
120054,858.5,1,26,Balneário Shopping,Feminino,Moda,1,2,4,7,Potencial
120359,1106.7,2,17,Balneário Shopping,Feminino,Infantil,2,5,5,12,Premium
120365,765.5,1,16,Balneário Shopping,Feminino,Moda,2,2,4,8,Potencial
120423,364.0,2,18,Balneário Shopping,Feminino,Moda,2,5,2,9,Potencial
120830,579.8,1,1,Continente Shopping,Feminino,Calçados,5,2,4,11,Premium
121081,544.5,1,25,Balneário Shopping,Feminino,Moda,1,2,3,6,Pontual
121179,899.0,1,4,Balneário Shopping,Feminino,Calçados,4,2,4,10,Premium
121396,99.99,1,11,Neumarkt Shopping,Masculino,Moda,2,2,2,6,Pontual
121456,47.39,2,7,Neumarkt Shopping,Masculino,Farmácias,3,4,1,8,Potencial
121479,40.28,1,13,Continente Shopping,Feminino,Gastronomia,3,2,1,6,Pontual
121565,78.5,2,3,Garten Shopping,Masculino,Farmácias,5,5,1,11,Premium
121583,129.9,1,28,Continente Shopping,Feminino,Moda,1,2,2,5,Pontual
121584,469.43,1,11,Garten Shopping,Masculino,Calçados,2,1,3,6,Pontual
121623,3691.0,3,15,Balneário Shopping,Feminino,Moda,2,5,5,12,Premium
121661,71.4,1,5,Garten Shopping,Feminino,Gastronomia,4,2,1,7,Potencial
121668,592.75,1,16,Balneário Shopping,Feminino,Moda,2,2,3,7,Potencial
121725,659.7,1,23,Garten Shopping,Feminino,Moda,1,2,3,6,Pontual
121835,2375.83,1,22,Nações Shopping,Masculino,Moda,1,1,5,7,Potencial
122226,582.2,1,9,Continente Shopping,Masculino,Gastronomia,3,2,4,9,Potencial
122289,746.92,1,27,Continente Shopping,Masculino,Moda,1,2,5,8,Potencial
122368,819.7,1,9,Continente Shopping,Masculino,Casa e Decoração,3,2,5,10,Premium
122401,1159.76,2,29,Continente Shopping,Masculino,Moda,1,4,5,10,Premium
122405,2621.5,2,10,Balneário Shopping,Feminino,Moda,3,5,5,13,VIP
122448,291.87,1,7,Balneário Shopping,Feminino,Gastronomia,4,2,2,8,Potencial
122475,667.0,1,29,Balneário Shopping,Feminino,Moda,1,2,4,7,Potencial
122518,129.98,1,29,Continente Shopping,Masculino,Moda,1,2,2,5,Pontual
122549,339.96,1,29,Continente Shopping,Feminino,Moda,1,2,3,6,Pontual
122557,10827.6,1,11,Garten Shopping,Feminino,Serviços,2,2,5,9,Potencial
122632,65.8,1,16,Garten Shopping,Feminino,Gastronomia,1,2,1,4,Pontual
122724,274.0,1,26,Balneário Shopping,Feminino,Moda,1,2,2,5,Pontual
122730,19.99,1,28,Continente Shopping,Masculino,Moda,1,2,1,4,Pontual
122735,329.95,1,28,Continente Shopping,Feminino,Moda,1,2,3,6,Pontual
122742,815.5,1,28,Balneário Shopping,Feminino,Moda,1,2,4,7,Potencial
122747,59.98,1,28,Continente Shopping,Feminino,Moda,1,2,1,4,Pontual
122762,89.98,1,28,Continente Shopping,Masculino,Moda,1,2,1,4,Pontual
122773,6012.3,4,9,Balneário Shopping,Feminino,Joalheria,3,5,5,13,VIP
122785,397.5,1,27,Balneário Shopping,Feminino,Moda,1,2,2,5,Pontual
122797,2034.5,2,9,Balneário Shopping,Feminino,Moda,3,5,5,13,VIP
122803,119.99,1,28,Continente Shopping,Feminino,Moda,1,2,2,5,Pontual
122814,3113.5499999999997,3,28,Continente Shopping,Feminino,Moda,1,5,5,11,Premium
122840,2059.0,2,7,Balneário Shopping,Feminino,Moda,4,5,5,14,VIP
122953,1425.0,2,26,Balneário Shopping,Feminino,Moda,1,5,5,11,Premium
122983,708.5,1,4,Balneário Shopping,Feminino,Moda,4,2,4,10,Premium
123002,767.25,2,28,Balneário Shopping,Masculino,Moda,1,5,4,10,Premium
123048,1056.5,1,27,Balneário Shopping,Feminino,Moda,1,2,4,7,Potencial
123051,165.96,1,28,Continente Shopping,Feminino,Moda,1,2,2,5,Pontual
123076,239.98,1,28,Continente Shopping,Feminino,Moda,1,2,2,5,Pontual
123089,348.97,2,28,Continente Shopping,Feminino,Moda,1,5,3,9,Potencial
123131,149.98,1,28,Continente Shopping,Feminino,Moda,1,2,2,5,Pontual
123178,46.89,1,28,Garten Shopping,Feminino,Farmácias,1,2,1,4,Pontual
123197,1154.5,1,28,Balneário Shopping,Masculino,Moda,1,2,5,8,Potencial
123216,199.9,1,28,Continente Shopping,Masculino,Moda,1,2,2,5,Pontual
123250,78.01,2,28,Nações Shopping,Feminino,Calçados,1,4,1,6,Pontual
123305,415.5,1,28,Balneário Shopping,Feminino,Moda,1,2,2,5,Pontual
123310,199.9,1,28,Continente Shopping,Masculino,Moda,1,2,2,5,Pontual
123311,129.99,1,28,Continente Shopping,Feminino,Moda,1,2,2,5,Pontual
123314,1034.5,1,28,Balneário Shopping,Masculino,Moda,1,2,4,7,Potencial
123355,249.97,1,27,Continente Shopping,Feminino,Moda,1,2,3,6,Pontual
123364,4.17,1,27,Continente Shopping,Feminino,Pets,1,2,1,4,Pontual
123366,229.5,1,27,Balneário Shopping,Feminino,Moda,1,2,1,4,Pontual
123370,356.25,2,8,Balneário Shopping,Masculino,Moda,3,5,2,10,Premium
123376,299.98,1,27,Continente Shopping,Feminino,Moda,1,2,3,6,Pontual
123401,777.5,1,27,Balneário Shopping,Feminino,Moda,1,2,4,7,Potencial
123403,2551.6,4,27,Continente Shopping,Feminino,Moda,1,5,5,11,Premium
123405,189.98,1,27,Continente Shopping,Feminino,Moda,1,2,2,5,Pontual
123423,348.5,1,9,Balneário Shopping,Feminino,Moda,3,2,2,7,Potencial
123472,676.5,1,14,Balneário Shopping,Masculino,Moda,2,2,4,8,Potencial
123534,259.0,1,27,Balneário Shopping,Feminino,Moda,1,2,2,5,Pontual
123691,1166.5,2,27,Balneário Shopping,Feminino,Moda,1,5,5,11,Premium
123751,249.25,2,14,Balneário Shopping,Feminino,Moda,2,5,1,8,Potencial
123764,488.0,1,27,Balneário Shopping,Feminino,Moda,1,2,3,6,Pontual
123784,1076.5,1,27,Balneário Shopping,Feminino,Moda,1,2,4,7,Potencial
123793,318.5,1,27,Balneário Shopping,Masculino,Moda,1,2,2,5,Pontual
123828,199.5,1,27,Balneário Shopping,Feminino,Moda,1,2,1,4,Pontual
123829,254.0,1,27,Balneário Shopping,Feminino,Moda,1,2,1,4,Pontual
123857,972.5,2,27,Balneário Shopping,Feminino,Moda,1,5,4,10,Premium
123869,838.0,2,18,Balneário Shopping,Feminino,Moda,2,5,4,11,Premium
123921,1237.0,2,27,Balneário Shopping,Masculino,Moda,1,5,5,11,Premium
123935,297.5,1,26,Balneário Shopping,Feminino,Moda,1,2,2,5,Pontual
123961,279.0,1,26,Balneário Shopping,Feminino,Moda,1,2,2,5,Pontual
123969,558.5,1,26,Balneário Shopping,Feminino,Moda,1,2,3,6,Pontual
123979,1155.5,1,26,Balneário Shopping,Feminino,Moda,1,2,5,8,Potencial
124016,171.96,2,22,Continente Shopping,Feminino,Moda,2,5,2,9,Potencial
124018,608.5,1,25,Balneário Shopping,Feminino,Moda,1,2,3,6,Pontual
124196,1069.38,2,26,Balneário Shopping,Masculino,Calçados,1,5,4,10,Premium
124329,69.5,1,26,Balneário Shopping,Feminino,Moda,1,2,1,4,Pontual
124387,805.5,1,14,Balneário Shopping,Feminino,Moda,2,2,4,8,Potencial
124462,408.5,1,26,Balneário Shopping,Feminino,Moda,1,2,2,5,Pontual
124470,979.0,2,26,Balneário Shopping,Feminino,Moda,1,5,4,10,Premium
124479,996.5,1,26,Balneário Shopping,Masculino,Moda,1,2,4,7,Potencial
124575,258.0,1,25,Balneário Shopping,Outro,Moda,1,2,1,4,Pontual
124579,1261.0,2,25,Balneário Shopping,Masculino,Moda,1,5,5,11,Premium
124607,877.0,2,25,Balneário Shopping,Masculino,Moda,1,5,4,10,Premium
124622,298.5,1,25,Balneário Shopping,Masculino,Moda,1,2,2,5,Pontual
124686,199.5,1,24,Balneário Shopping,Feminino,Moda,1,2,1,4,Pontual
124722,328.5,2,9,Balneário Shopping,Feminino,Moda,3,5,2,10,Premium
124747,1262.5,3,6,Balneário Shopping,Feminino,Moda,4,5,5,14,VIP
124821,973.99,8,4,Continente Shopping,Feminino,Gastronomia,5,5,5,15,VIP
124960,1344.5,1,4,Balneário Shopping,Feminino,Moda,4,2,5,11,Premium
124972,1155.0,2,25,Balneário Shopping,Feminino,Moda,1,5,5,11,Premium
125057,1940.44,3,23,Continente Shopping,Masculino,Moda,2,5,5,12,Premium
125075,118.5,1,25,Balneário Shopping,Feminino,Moda,1,2,1,4,Pontual
125154,647.5,1,0,Balneário Shopping,Feminino,Moda,5,2,3,10,Premium
125203,54.8,1,25,Continente Shopping,Masculino,Gastronomia,2,2,1,5,Pontual
125246,1166.5,1,17,Balneário Shopping,Feminino,Moda,2,2,5,9,Potencial
125314,159.99,1,17,Neumarkt Shopping,Feminino,Moda,1,2,2,5,Pontual
125338,2308.0,3,20,Balneário Shopping,Feminino,Moda,1,5,5,11,Premium
125355,518.5,1,24,Balneário Shopping,Feminino,Moda,1,2,3,6,Pontual
125366,854.5,3,23,Balneário Shopping,Feminino,Moda,1,5,4,10,Premium
125403,200.25,1,24,Balneário Shopping,Feminino,Moda,1,2,1,4,Pontual
125475,779.9,2,22,Continente Shopping,Feminino,Moda,2,5,5,12,Premium
125670,465.5,1,23,Balneário Shopping,Masculino,Moda,1,2,3,6,Pontual
125678,406.25,1,5,Balneário Shopping,Feminino,Beleza e Bem-estar,4,2,2,8,Potencial
125681,598.97,1,23,Nações Shopping,Masculino,Moda,1,2,4,7,Potencial
125684,558.0,1,23,Balneário Shopping,Feminino,Moda,1,2,3,6,Pontual
125685,179.5,1,21,Balneário Shopping,Feminino,Moda,1,2,1,4,Pontual
125708,200.0,1,23,Balneário Shopping,Masculino,Moda,1,2,1,4,Pontual
125715,802.5,2,23,Balneário Shopping,Feminino,Moda,1,5,4,10,Premium
125723,129.5,1,18,Balneário Shopping,Feminino,Moda,2,2,1,5,Pontual
125741,643.5,1,23,Balneário Shopping,Feminino,Moda,1,2,3,6,Pontual
125772,418.5,1,23,Balneário Shopping,Feminino,Moda,1,2,2,5,Pontual
125802,511.0,1,23,Balneário Shopping,Feminino,Moda,1,2,3,6,Pontual
125881,877.0,2,23,Balneário Shopping,Feminino,Moda,1,5,4,10,Premium
125889,79.0,1,5,Garten Shopping,Masculino,Calçados,4,2,2,8,Potencial
125979,658.5,1,23,Balneário Shopping,Masculino,Moda,1,2,4,7,Potencial
125988,1583.0,1,22,Balneário Shopping,Feminino,Moda,1,2,5,8,Potencial
125991,1194.5,1,22,Balneário Shopping,Masculino,Moda,1,2,5,8,Potencial
126000,238.5,1,16,Balneário Shopping,Feminino,Moda,2,2,1,5,Pontual
126020,279.5,1,22,Balneário Shopping,Feminino,Moda,1,2,2,5,Pontual
126106,268.0,1,17,Balneário Shopping,Feminino,Moda,2,2,2,6,Pontual
126108,279.0,1,22,Balneário Shopping,Masculino,Moda,1,2,2,5,Pontual
126166,149.5,1,22,Balneário Shopping,Feminino,Moda,1,2,1,4,Pontual
126176,2824.5,1,22,Balneário Shopping,Feminino,Moda,1,2,5,8,Potencial
126179,1026.5,1,22,Balneário Shopping,Feminino,Moda,1,2,4,7,Potencial
126206,99.5,1,22,Balneário Shopping,Feminino,Moda,1,2,1,4,Pontual
126217,382.5,1,6,Balneário Shopping,Masculino,Moda,4,2,2,8,Potencial
126237,568.0,2,22,Balneário Shopping,Feminino,Moda,1,5,3,9,Potencial
126253,1222.5,1,22,Balneário Shopping,Feminino,Moda,1,2,5,8,Potencial
126318,279.0,1,22,Balneário Shopping,Feminino,Moda,1,2,2,5,Pontual
126340,607.5,1,12,Balneário Shopping,Feminino,Moda,3,2,3,8,Potencial
126351,2785.84,8,4,Neumarkt Shopping,Masculino,Infantil,4,5,5,14,VIP
126374,3899.0,1,21,Balneário Shopping,Feminino,Moda,1,2,5,8,Potencial
126422,2678.0,2,10,Balneário Shopping,Feminino,Moda,3,5,5,13,VIP
126443,259.0,1,21,Balneário Shopping,Masculino,Moda,1,2,2,5,Pontual
126517,1249.91,1,7,Nações Shopping,Feminino,Moda Feminina,5,2,5,12,Premium
126576,259.5,1,21,Balneário Shopping,Feminino,Moda,1,2,2,5,Pontual
126657,257.0,1,21,Balneário Shopping,Feminino,Moda,1,2,1,4,Pontual
126748,1262.0,3,2,Balneário Shopping,Feminino,Moda,5,5,5,15,VIP
126767,588.8,1,15,Continente Shopping,Feminino,Calçados,2,3,4,9,Potencial
126881,713.31,2,20,Continente Shopping,Feminino,Calçados,2,5,5,12,Premium
126935,647.5,1,18,Balneário Shopping,Feminino,Moda,2,2,3,7,Potencial
127002,878.68,1,15,Balneário Shopping,Masculino,Moda,2,2,4,8,Potencial
127004,517.5,1,19,Balneário Shopping,Feminino,Moda,1,2,3,6,Pontual
127009,1017.0,2,19,Balneário Shopping,Feminino,Moda,1,5,4,10,Premium
127037,429.5,2,16,Balneário Shopping,Feminino,Moda,2,5,3,10,Premium
127125,20.45,1,12,Nações Shopping,Feminino,Gastronomia,3,3,1,7,Potencial
127204,801.85,5,1,Neumarkt Shopping,Feminino,Gastronomia,5,5,4,14,VIP
127232,901.5,1,6,Balneário Shopping,Feminino,Moda,4,2,4,10,Premium
127308,728.9,1,19,Garten Shopping,Masculino,Calçados,1,2,3,6,Pontual
127330,1214.5,1,19,Balneário Shopping,Feminino,Moda,1,2,5,8,Potencial
127351,2233.5,1,19,Balneário Shopping,Feminino,Moda,1,2,5,8,Potencial
127358,279.5,1,19,Balneário Shopping,Feminino,Moda,1,2,2,5,Pontual
127368,969.4300000000001,4,6,Neumarkt Shopping,Feminino,Calçados,3,5,4,12,Premium
127420,297.0,1,19,Garten Shopping,Feminino,Ótica,1,2,2,5,Pontual
127423,358.5,2,19,Balneário Shopping,Feminino,Moda,1,5,2,8,Potencial
127456,116.78,1,18,Continente Shopping,Masculino,Gastronomia,2,3,2,7,Potencial
127462,1116.5,1,12,Balneário Shopping,Masculino,Moda,2,2,5,9,Potencial
127468,1393.5,1,19,Balneário Shopping,Feminino,Moda,1,2,5,8,Potencial
127483,298.5,1,19,Balneário Shopping,Masculino,Moda,1,2,2,5,Pontual
127523,279.5,1,18,Balneário Shopping,Masculino,Moda,2,2,2,6,Pontual
127641,199.0,1,18,Balneário Shopping,Feminino,Moda,2,2,1,5,Pontual
127644,59.97,1,18,Neumarkt Shopping,Masculino,Moda,1,2,1,4,Pontual
127679,428.5,1,18,Balneário Shopping,Feminino,Moda,2,2,3,7,Potencial
127680,119.5,1,18,Balneário Shopping,Masculino,Moda,2,2,1,5,Pontual
127682,60.93,1,18,Norte Shopping,Feminino,Eletrodomésticos,1,2,2,5,Pontual
127693,224.0,2,18,Balneário Shopping,Feminino,Moda,2,5,1,8,Potencial
127761,975.67,11,12,Neumarkt Shopping,Feminino,Moda,2,5,4,11,Premium
127812,558.5,1,4,Balneário Shopping,Feminino,Moda,4,2,3,9,Potencial
127817,279.5,1,6,Balneário Shopping,Feminino,Moda,4,2,2,8,Potencial
127847,129.0,1,18,Balneário Shopping,Masculino,Moda,2,2,1,5,Pontual
127865,2508.55,7,18,Balneário Shopping,Feminino,Moda,2,5,5,12,Premium
127875,2448.5,2,13,Balneário Shopping,Feminino,Moda,2,5,5,12,Premium
127922,93.0,1,18,Continente Shopping,Feminino,Gastronomia,2,3,1,6,Pontual
127929,293.5,1,18,Balneário Shopping,Feminino,Moda,2,2,2,6,Pontual
127940,52.98,1,11,Garten Shopping,Feminino,Casa e Decoração,2,2,1,5,Pontual
128030,995.0,2,18,Balneário Shopping,Feminino,Moda,2,5,4,11,Premium
128044,279.5,1,18,Balneário Shopping,Masculino,Moda,2,2,2,6,Pontual
128111,537.5,1,18,Balneário Shopping,Masculino,Moda,2,2,3,7,Potencial
128124,312.0,1,18,Norte Shopping,Masculino,Gastronomia,1,2,3,6,Pontual
128170,458.5,1,14,Balneário Shopping,Feminino,Moda,2,2,3,7,Potencial
128212,1454.5,1,17,Balneário Shopping,Masculino,Moda,2,2,5,9,Potencial
128217,934.0,1,18,Balneário Shopping,Feminino,Moda,2,2,4,8,Potencial
128276,699.0,1,17,Balneário Shopping,Feminino,Calçados,2,2,4,8,Potencial
128279,119.75,1,17,Balneário Shopping,Masculino,Moda,2,2,1,5,Pontual
128338,379.0,1,14,Balneário Shopping,Feminino,Moda,2,2,2,6,Pontual
128384,338.0,1,17,Balneário Shopping,Feminino,Moda,2,2,2,6,Pontual
128387,454.5,1,17,Balneário Shopping,Feminino,Moda,2,2,3,7,Potencial
128416,645.8800000000001,2,15,Nações Shopping,Feminino,Moda,2,5,4,11,Premium
128422,229.5,2,17,Balneário Shopping,Feminino,Moda,2,5,1,8,Potencial
128447,279.68,1,17,Continente Shopping,Feminino,Moda,2,3,3,8,Potencial
128493,118.0,1,17,Balneário Shopping,Feminino,Beleza e Bem-estar,2,2,1,5,Pontual
128521,716.0,1,5,Balneário Shopping,Masculino,Moda,4,2,4,10,Premium
128593,20234.15,1,8,Garten Shopping,Masculino,Serviços,3,2,5,10,Premium
128636,209.9,1,17,Garten Shopping,Feminino,Calçados,1,2,2,5,Pontual
128652,201.5,1,17,Neumarkt Shopping,Feminino,Moda,1,2,2,5,Pontual
128668,379.0,1,17,Balneário Shopping,Feminino,Moda,2,2,2,6,Pontual
128715,538.73,1,17,Continente Shopping,Masculino,Moda,2,3,4,9,Potencial
128716,8799.0,1,10,Garten Shopping,Feminino,Eletrônicos,2,3,5,10,Premium
128731,21.0,1,17,Continente Shopping,Masculino,Gastronomia,2,3,1,6,Pontual
128782,4097.9,3,16,Norte Shopping,Feminino,Casa e Decoração,1,5,5,11,Premium
128790,608.94,2,3,Balneário Shopping,Feminino,Joalheria,5,5,3,13,VIP
128815,567.5,1,16,Balneário Shopping,Feminino,Moda,2,2,3,7,Potencial
128818,1632.5,1,16,Balneário Shopping,Feminino,Moda,2,2,5,9,Potencial
128862,129.0,1,15,Balneário Shopping,Feminino,Moda,2,2,1,5,Pontual
128919,393.0,1,15,Balneário Shopping,Feminino,Moda,2,2,2,6,Pontual
128939,558.5,1,16,Balneário Shopping,Masculino,Moda,2,2,3,7,Potencial
128990,44.0,1,16,Continente Shopping,Feminino,Presentes e Acessórios,2,3,1,6,Pontual
129051,377.5,1,16,Balneário Shopping,Feminino,Moda,2,2,2,6,Pontual
129091,9920.0,1,4,Balneário Shopping,Masculino,Joalheria,4,3,5,12,Premium
129157,1584.0,2,9,Balneário Shopping,Feminino,Moda,3,5,5,13,VIP
129191,368.9,2,7,Continente Shopping,Masculino,Calçados,4,5,4,13,VIP
129246,857.0,1,7,Balneário Shopping,Feminino,Moda,3,3,4,10,Premium
129248,737.0,1,0,Balneário Shopping,Feminino,Moda,5,3,4,12,Premium
129279,20674.230000000003,4,15,Continente Shopping,Feminino,Esportes,2,5,5,12,Premium
129299,379.0,1,15,Balneário Shopping,Feminino,Moda,2,3,2,7,Potencial
129313,259.5,1,1,Balneário Shopping,Feminino,Moda,5,3,2,10,Premium
129447,139.99,1,15,Continente Shopping,Masculino,Moda,2,3,2,7,Potencial
129481,398.5,1,15,Balneário Shopping,Feminino,Moda,2,3,2,7,Potencial
129611,17.1,1,15,Neumarkt Shopping,Feminino,Papelaria,1,2,1,4,Pontual
129630,399.97,1,14,Neumarkt Shopping,Feminino,Moda,1,2,4,7,Potencial
129648,6846.6,11,8,Neumarkt Shopping,Feminino,Gastronomia,2,5,5,12,Premium
129656,270.0,1,6,Balneário Shopping,Feminino,Joalheria,4,3,2,9,Potencial
129661,1084.5,1,13,Balneário Shopping,Feminino,Moda,2,3,4,9,Potencial
129666,427.5,1,15,Balneário Shopping,Feminino,Moda,2,3,3,8,Potencial
129731,440.0,1,4,Balneário Shopping,Feminino,Moda,4,3,3,10,Premium
129771,46626.0,1,15,Garten Shopping,Feminino,Serviços,1,3,5,9,Potencial
129811,161.0,1,6,Balneário Shopping,Feminino,Moda,4,3,1,8,Potencial
129869,356.0,1,15,Continente Shopping,Feminino,Presentes e Acessórios,2,3,3,8,Potencial
129934,1005.0,1,15,Balneário Shopping,Feminino,Moda,2,3,4,9,Potencial
129944,158.0,1,15,Balneário Shopping,Feminino,Moda,2,3,1,6,Pontual
129976,2609.73,6,8,Norte Shopping,Feminino,Gastronomia,3,5,5,13,VIP
129985,199.0,1,15,Balneário Shopping,Feminino,Moda,2,3,1,6,Pontual
129998,349.99,1,15,Balneário Shopping,Masculino,Moda,2,3,2,7,Potencial
130041,38.0,1,15,Continente Shopping,Masculino,Gastronomia,2,3,1,6,Pontual
130087,537.0,1,14,Balneário Shopping,Feminino,Moda,2,3,3,8,Potencial
130111,239.5,1,14,Balneário Shopping,Masculino,Moda,2,3,1,6,Pontual
130145,291.52,1,3,Neumarkt Shopping,Feminino,Gastronomia,4,2,3,9,Potencial
130171,339.5,1,14,Balneário Shopping,Feminino,Moda,2,3,2,7,Potencial
130175,218.5,2,14,Balneário Shopping,Feminino,Moda,2,5,1,8,Potencial
130259,175.26,2,7,Norte Shopping,Feminino,Eletrodomésticos,3,4,3,10,Premium
130297,809.0,2,12,Balneário Shopping,Feminino,Moda,2,5,4,11,Premium
130299,268.0,1,14,Balneário Shopping,Feminino,Moda,2,3,2,7,Potencial
130326,219.97,3,14,Continente Shopping,Feminino,Moda,3,5,2,10,Premium
130348,397.5,1,14,Balneário Shopping,Feminino,Moda,2,3,2,7,Potencial
130395,2492.25,4,2,Balneário Shopping,Feminino,Moda,5,5,5,15,VIP
130425,148.86,1,8,Norte Shopping,Masculino,Eletrodomésticos,2,2,3,7,Potencial
130476,259.5,1,14,Balneário Shopping,Masculino,Moda,2,3,2,7,Potencial
130483,1204.0,1,13,Balneário Shopping,Feminino,Moda,2,3,5,10,Premium
130488,970.5,2,14,Balneário Shopping,Feminino,Moda,2,5,4,11,Premium
130496,567.75,2,14,Balneário Shopping,Feminino,Moda,2,5,3,10,Premium
130498,379.5,1,14,Balneário Shopping,Feminino,Moda,2,3,2,7,Potencial
130504,245.0,1,4,Neumarkt Shopping,Feminino,Beleza e Bem-estar,4,2,3,9,Potencial
130542,558.5,1,14,Balneário Shopping,Feminino,Moda,2,3,3,8,Potencial
130564,538.5,1,9,Balneário Shopping,Feminino,Moda,3,3,3,9,Potencial
130580,245.84,1,13,Balneário Shopping,Feminino,Gastronomia,2,3,1,6,Pontual
130611,2587.75,6,9,Balneário Shopping,Feminino,Moda,3,5,5,13,VIP
130612,1035.5,1,13,Balneário Shopping,Feminino,Moda,2,3,4,9,Potencial
130678,1036.0,2,4,Balneário Shopping,Feminino,Moda,4,5,4,13,VIP
130715,439.5,1,13,Balneário Shopping,Masculino,Moda,2,3,3,8,Potencial
130716,429.0,2,9,Balneário Shopping,Feminino,Moda,3,5,3,11,Premium
130729,389.87,2,12,Neumarkt Shopping,Feminino,Calçados,2,4,4,10,Premium
130753,89.5,1,13,Balneário Shopping,Feminino,Moda,2,3,1,6,Pontual
130796,577.66,1,11,Balneário Shopping,Feminino,Gastronomia,3,3,3,9,Potencial
130816,1248.0,2,5,Balneário Shopping,Masculino,Moda,4,5,5,14,VIP
130818,1426.6,1,9,Garten Shopping,Masculino,Calçados,2,3,4,9,Potencial
130867,271.0,1,12,Continente Shopping,Feminino,Presentes e Acessórios,3,3,3,9,Potencial
130879,576.0,2,12,Balneário Shopping,Feminino,Moda,2,5,3,10,Premium
130882,31.98,1,11,Continente Shopping,Masculino,Moda,3,3,1,7,Potencial
130883,199.5,1,13,Balneário Shopping,Feminino,Moda,2,3,1,6,Pontual
130905,358.0,1,13,Balneário Shopping,Feminino,Moda,2,3,2,7,Potencial
130951,899.8,1,8,Continente Shopping,Feminino,Moda,3,3,5,11,Premium
130957,557.5,1,12,Balneário Shopping,Feminino,Moda,2,3,3,8,Potencial
131037,519.97,1,13,Nações Shopping,Feminino,Moda Feminina,3,3,3,9,Potencial
131052,827.5,2,10,Balneário Shopping,Masculino,Moda,3,5,4,12,Premium
131067,815.5,1,12,Balneário Shopping,Feminino,Moda,2,3,4,9,Potencial
131090,7807.88,2,5,Neumarkt Shopping,Masculino,Joalheria,4,4,5,13,VIP
131093,142.85,1,12,Neumarkt Shopping,Masculino,Beleza e Bem-estar,1,2,2,5,Pontual
131106,1209.07,8,3,Continente Shopping,Feminino,Gastronomia,5,5,5,15,VIP
131113,134.5,1,12,Balneário Shopping,Feminino,Gastronomia,2,3,1,6,Pontual
131119,1514.5,2,11,Balneário Shopping,Masculino,Moda,3,5,5,13,VIP
131124,506.24,1,12,Norte Shopping,Feminino,Moda,2,2,4,8,Potencial
131165,180.4,1,12,Neumarkt Shopping,Feminino,Moda,1,2,2,5,Pontual
131219,498.5,1,12,Balneário Shopping,Feminino,Moda,2,3,3,8,Potencial
131221,230.25,1,12,Balneário Shopping,Feminino,Moda,2,3,1,6,Pontual
131286,478.5,1,8,Balneário Shopping,Feminino,Moda,3,3,3,9,Potencial
131406,629.5,1,12,Continente Shopping,Feminino,Calçados,3,3,4,10,Premium
131409,2559.5,1,12,Balneário Shopping,Masculino,Moda,2,3,5,10,Premium
131416,303.5,1,12,Balneário Shopping,Feminino,Moda,2,3,2,7,Potencial
131444,97.95,1,12,Neumarkt Shopping,Feminino,Gastronomia,1,3,1,5,Pontual
131527,51.9,1,12,Balneário Shopping,Masculino,Beleza e Bem-estar,2,3,1,6,Pontual
131548,466.5,1,12,Balneário Shopping,Feminino,Moda,2,3,3,8,Potencial
131572,458.0,2,12,Balneário Shopping,Feminino,Moda,2,5,3,10,Premium
131575,208.0,1,12,Balneário Shopping,Feminino,Moda,2,3,1,6,Pontual
131584,279.5,1,12,Balneário Shopping,Masculino,Moda,2,3,2,7,Potencial
131610,1210.25,1,12,Balneário Shopping,Feminino,Moda,2,3,5,10,Premium
131620,756.0,1,12,Balneário Shopping,Feminino,Moda,2,3,4,9,Potencial
131632,2082.5,2,11,Balneário Shopping,Feminino,Moda,3,5,5,13,VIP
131634,49.46,1,12,Continente Shopping,Feminino,Gastronomia,3,3,1,7,Potencial
131659,23.47,1,12,Continente Shopping,Masculino,Eletrodomésticos,3,3,1,7,Potencial
131750,179.5,1,12,Balneário Shopping,Feminino,Moda,2,3,1,6,Pontual
131833,458.5,1,11,Balneário Shopping,Masculino,Moda,3,3,3,9,Potencial
131918,1796.8899999999999,2,11,Balneário Shopping,Masculino,Moda,3,5,5,13,VIP
131935,421.5,2,11,Balneário Shopping,Masculino,Moda,3,5,2,10,Premium
131940,1808.0,3,11,Balneário Shopping,Masculino,Moda,3,5,5,13,VIP
131943,205.24,1,11,Balneário Shopping,Masculino,Gastronomia,3,3,1,7,Potencial
132003,405.98,1,11,Nações Shopping,Feminino,Moda,3,3,3,9,Potencial
132030,3139.5,1,11,Balneário Shopping,Feminino,Moda,3,3,5,11,Premium
132048,982.5,1,11,Balneário Shopping,Feminino,Moda,3,3,4,10,Premium
132094,619.3,1,11,Garten Shopping,Feminino,Moda,2,3,3,8,Potencial
132110,556.0,1,11,Balneário Shopping,Masculino,Moda,3,3,3,9,Potencial
132137,678.5,1,11,Balneário Shopping,Feminino,Moda,3,3,4,10,Premium
132260,291.68,1,11,Balneário Shopping,Feminino,Gastronomia,3,3,2,8,Potencial
132298,709.8,1,11,Continente Shopping,Feminino,Calçados,3,3,5,11,Premium
132302,199.98,1,6,Continente Shopping,Masculino,Moda,4,3,2,9,Potencial
132347,139.0,1,11,Balneário Shopping,Feminino,Moda,3,3,1,7,Potencial
132393,909.0,2,11,Balneário Shopping,Feminino,Moda,3,5,4,12,Premium
132402,475.23,4,11,Continente Shopping,Feminino,Moda,3,5,4,12,Premium
132448,2733.08,7,1,Continente Shopping,Feminino,Gastronomia,5,5,5,15,VIP
132466,364.98,1,11,Continente Shopping,Masculino,Moda,3,3,4,10,Premium
132472,89.5,1,1,Balneário Shopping,Feminino,Moda,5,3,1,9,Potencial
132509,44.5,1,10,Nações Shopping,Masculino,Gastronomia,4,4,1,9,Potencial
132542,1694.5,1,11,Balneário Shopping,Masculino,Moda,3,3,5,11,Premium
132549,897.5,1,11,Balneário Shopping,Masculino,Moda,3,3,4,10,Premium
132557,538.5,1,11,Balneário Shopping,Feminino,Moda,3,3,3,9,Potencial
132590,558.5,1,11,Balneário Shopping,Masculino,Moda,3,3,3,9,Potencial
132630,1353.0,1,11,Garten Shopping,Masculino,Casa e Decoração,2,3,4,9,Potencial
132655,99.0,1,11,Balneário Shopping,Feminino,Moda,3,3,1,7,Potencial
132666,687.5,1,11,Balneário Shopping,Masculino,Moda,3,3,4,10,Premium
132704,260.73,1,11,Garten Shopping,Masculino,Moda,1,3,2,6,Pontual
132747,259.0,1,11,Balneário Shopping,Masculino,Moda,3,3,2,8,Potencial
132767,418.0,1,11,Balneário Shopping,Feminino,Moda,3,3,2,8,Potencial
132774,2644.5,7,10,Balneário Shopping,Feminino,Moda,3,5,5,13,VIP
132790,1257.5,1,10,Balneário Shopping,Feminino,Moda,3,3,5,11,Premium
132870,640.0,2,10,Balneário Shopping,Feminino,Moda,3,5,3,11,Premium
132885,367.0,1,10,Balneário Shopping,Feminino,Moda,3,3,2,8,Potencial
132886,1464.0,2,6,Balneário Shopping,Feminino,Moda,4,5,5,14,VIP
132893,1534.5,2,0,Balneário Shopping,Feminino,Moda,5,5,5,15,VIP
132920,896.5,1,10,Balneário Shopping,Feminino,Moda,3,3,4,10,Premium
132923,339.5,1,10,Balneário Shopping,Feminino,Moda,3,3,2,8,Potencial
132968,229.0,1,10,Balneário Shopping,Feminino,Moda,3,3,1,7,Potencial
133024,706.5,1,10,Balneário Shopping,Feminino,Moda,3,3,4,10,Premium
133037,1217.5,1,10,Balneário Shopping,Feminino,Moda,3,3,5,11,Premium
133101,679.9,1,10,Continente Shopping,Feminino,Moda,3,3,4,10,Premium
133149,557.5,1,10,Balneário Shopping,Feminino,Moda,3,3,3,9,Potencial
133197,556.5,1,10,Balneário Shopping,Feminino,Moda,3,3,3,9,Potencial
133224,2151.0,1,10,Balneário Shopping,Feminino,Moda,3,3,5,11,Premium
133230,355.89,1,4,Norte Shopping,Masculino,Eletrodomésticos,5,3,4,12,Premium
133270,1066.5,2,10,Balneário Shopping,Feminino,Moda,3,5,4,12,Premium
133272,259.0,1,6,Balneário Shopping,Masculino,Moda,4,3,2,9,Potencial
133318,1332.07,4,10,Continente Shopping,Feminino,Moda,3,5,5,13,VIP
133341,1459.5,1,10,Balneário Shopping,Masculino,Moda,3,3,5,11,Premium
133392,379.0,1,9,Balneário Shopping,Feminino,Moda,3,3,2,8,Potencial
133395,228.0,1,9,Balneário Shopping,Feminino,Moda,3,3,1,7,Potencial
133407,491.3,2,1,Balneário Shopping,Masculino,Beleza e Bem-estar,5,5,3,13,VIP
133507,658.0,1,9,Balneário Shopping,Feminino,Moda,3,3,3,9,Potencial
133515,1550.5,1,9,Balneário Shopping,Feminino,Moda,3,3,5,11,Premium
133518,6203.0,11,3,Balneário Shopping,Feminino,Moda,5,5,5,15,VIP
133549,298.5,1,9,Balneário Shopping,Feminino,Moda,3,3,2,8,Potencial
133701,719.8,1,9,Continente Shopping,Feminino,Calçados,3,3,5,11,Premium
133728,169.98,1,7,Continente Shopping,Feminino,Moda,4,3,2,9,Potencial
133793,2090.5,1,8,Balneário Shopping,Feminino,Moda,3,3,5,11,Premium
133802,259.0,1,9,Balneário Shopping,Feminino,Moda,3,3,2,8,Potencial
133857,449.0,1,8,Balneário Shopping,Feminino,Calçados,3,3,3,9,Potencial
133885,835.5,1,4,Balneário Shopping,Feminino,Moda,4,3,4,11,Premium
133902,399.9,1,8,Neumarkt Shopping,Masculino,Presentes e Acessórios,2,3,4,9,Potencial
133923,1095.5,2,8,Balneário Shopping,Feminino,Moda,3,5,5,13,VIP
134001,129.0,1,3,Balneário Shopping,Feminino,Moda,5,3,1,9,Potencial
134011,9850.0,1,5,Balneário Shopping,Feminino,Joalheria,4,3,5,12,Premium
134013,339.0,1,1,Balneário Shopping,Feminino,Moda,5,3,2,10,Premium
134026,288.99,2,8,Continente Shopping,Feminino,Moda,3,5,3,11,Premium
134045,168.5,1,7,Balneário Shopping,Feminino,Moda,3,3,1,7,Potencial
134047,828.7,2,8,Balneário Shopping,Feminino,Calçados,3,5,4,12,Premium
134056,85.98,1,8,Continente Shopping,Masculino,Moda,3,3,1,7,Potencial
134099,963.5,1,1,Balneário Shopping,Feminino,Moda,5,3,4,12,Premium
134106,986.5,1,8,Balneário Shopping,Feminino,Moda,3,3,4,10,Premium
134156,226.5,1,6,Balneário Shopping,Masculino,Moda,4,3,1,8,Potencial
134159,448.4,3,8,Balneário Shopping,Feminino,Moda,3,5,3,11,Premium
134174,488.5,1,5,Balneário Shopping,Masculino,Moda,4,3,3,10,Premium
134213,269.9,1,4,Neumarkt Shopping,Feminino,Calçados,4,3,3,10,Premium
134225,1920.5,1,8,Balneário Shopping,Feminino,Moda,3,3,5,11,Premium
134230,279.5,1,8,Balneário Shopping,Feminino,Moda,3,3,2,8,Potencial
134232,540.5,1,2,Balneário Shopping,Feminino,Moda,5,3,3,11,Premium
134259,865.5,1,4,Balneário Shopping,Feminino,Moda,4,3,4,11,Premium
134260,976.5,1,8,Balneário Shopping,Feminino,Moda,3,3,4,10,Premium
134279,1233.5,1,7,Balneário Shopping,Masculino,Moda,3,3,5,11,Premium
134282,1048.1,1,7,Balneário Shopping,Feminino,Calçados,3,3,4,10,Premium
134337,886.5,1,7,Balneário Shopping,Masculino,Moda,3,3,4,10,Premium
134352,2067.24,12,0,Neumarkt Shopping,Masculino,Farmácias,5,5,5,15,VIP
134374,259.96,1,7,Continente Shopping,Feminino,Beleza e Bem-estar,4,3,3,10,Premium
134437,259.0,1,7,Balneário Shopping,Feminino,Moda,3,3,2,8,Potencial
134440,538.0,1,4,Balneário Shopping,Feminino,Moda,4,3,3,10,Premium
134443,549.8,1,7,Continente Shopping,Feminino,Calçados,4,3,4,11,Premium
134510,258.78,1,7,Norte Shopping,Feminino,Supermercado,3,3,3,9,Potencial
134522,1334.5,1,7,Balneário Shopping,Feminino,Moda,3,3,5,11,Premium
134525,129.0,1,7,Balneário Shopping,Feminino,Moda,3,3,1,7,Potencial
134527,969.3,3,7,Balneário Shopping,Feminino,Gastronomia,3,5,4,12,Premium
134538,1515.75,3,1,Garten Shopping,Feminino,Beleza e Bem-estar,5,5,4,14,VIP
134566,279.5,1,7,Balneário Shopping,Feminino,Moda,3,3,2,8,Potencial
134578,509.97,1,7,Balneário Shopping,Feminino,Calçados,3,3,3,9,Potencial
134603,1878.0,2,7,Balneário Shopping,Feminino,Moda,3,5,5,13,VIP
134618,737.5,1,7,Balneário Shopping,Feminino,Moda,3,3,4,10,Premium
134629,244.29,1,7,Balneário Shopping,Feminino,Gastronomia,3,3,1,7,Potencial
134797,439.5,1,6,Balneário Shopping,Feminino,Moda,4,3,3,10,Premium
134802,73.44,1,6,Balneário Shopping,Feminino,Farmácias,4,3,1,8,Potencial
134809,1920.6499999999999,13,6,Garten Shopping,Feminino,Gastronomia,3,5,5,13,VIP
134838,428.25,2,6,Balneário Shopping,Feminino,Beleza e Bem-estar,4,5,3,12,Premium
134852,458.5,1,6,Balneário Shopping,Masculino,Moda,4,3,3,10,Premium
134878,1603.8899999999999,21,5,Norte Shopping,Feminino,Gastronomia,4,5,4,13,VIP
134906,1627.5,2,4,Balneário Shopping,Feminino,Moda,4,5,5,14,VIP
134923,221.96999999999997,2,6,Neumarkt Shopping,Feminino,Infantil,3,4,3,10,Premium
134953,849.9,1,6,Garten Shopping,Masculino,Moda,3,3,3,9,Potencial
134970,1234.0,2,5,Balneário Shopping,Feminino,Moda,4,5,5,14,VIP
135068,236.5,1,6,Balneário Shopping,Feminino,Moda,4,3,1,8,Potencial
135086,689.03,7,3,Continente Shopping,Feminino,Moda,5,5,4,14,VIP
135087,241.0,2,1,Balneário Shopping,Masculino,Moda,5,5,1,11,Premium
135101,204.4,1,6,Balneário Shopping,Feminino,Gastronomia,4,3,1,8,Potencial
135103,588.99,2,6,Continente Shopping,Feminino,Beleza e Bem-estar,4,5,4,13,VIP
135149,780.0,1,5,Balneário Shopping,Feminino,Moda,4,4,4,12,Premium
135155,130.65,2,6,Balneário Shopping,Feminino,Beleza e Bem-estar,4,5,1,10,Premium
135167,159.5,1,6,Balneário Shopping,Masculino,Moda,4,4,1,9,Potencial
135179,167.7,1,6,Garten Shopping,Feminino,Presentes e Acessórios,3,3,2,8,Potencial
135182,1016.4,2,6,Neumarkt Shopping,Masculino,Moda,3,4,5,12,Premium
135186,2377.0,3,5,Balneário Shopping,Feminino,Moda,4,5,5,14,VIP
135197,546.0,1,5,Balneário Shopping,Feminino,Moda,4,4,3,11,Premium
135214,607.49,6,6,Garten Shopping,Masculino,Calçados,3,5,3,11,Premium
135233,607.0,1,6,Balneário Shopping,Feminino,Moda,4,4,3,11,Premium
135244,74.95,1,6,Garten Shopping,Feminino,Casa e Decoração,3,3,1,7,Potencial
135249,59.0,1,5,Balneário Shopping,Feminino,Moda,4,4,1,9,Potencial
135263,79.99,1,5,Continente Shopping,Feminino,Moda,4,3,1,8,Potencial
135272,634.08,4,6,Neumarkt Shopping,Feminino,Eletrodomésticos,3,5,4,12,Premium
135295,229.0,1,6,Balneário Shopping,Feminino,Moda,4,4,1,9,Potencial
135301,508.5,1,4,Balneário Shopping,Feminino,Moda,4,4,3,11,Premium
135304,538.0,1,6,Balneário Shopping,Feminino,Moda,4,4,3,11,Premium
135321,264.36,1,6,Neumarkt Shopping,Feminino,Beleza e Bem-estar,3,3,3,9,Potencial
135325,1348.0,1,6,Balneário Shopping,Feminino,Calçados,4,4,5,13,VIP
135328,59.9,1,6,Neumarkt Shopping,Feminino,Moda,3,3,1,7,Potencial
135332,2259.8,5,6,Continente Shopping,Masculino,Moda,4,5,5,14,VIP
135387,259.5,1,2,Balneário Shopping,Feminino,Moda,5,4,2,11,Premium
135405,2482.36,14,2,Garten Shopping,Feminino,Gastronomia,5,5,5,15,VIP
135417,1954.25,1,5,Balneário Shopping,Masculino,Moda,4,4,5,13,VIP
135422,515.0,2,4,Balneário Shopping,Masculino,Moda,4,5,3,12,Premium
135435,762.0,2,5,Balneário Shopping,Feminino,Moda,4,5,4,13,VIP
135462,1124.0,2,5,Balneário Shopping,Feminino,Moda,4,5,5,14,VIP
135503,338.0,1,5,Balneário Shopping,Feminino,Moda,4,4,2,10,Premium
135516,626.5,1,4,Balneário Shopping,Feminino,Moda,4,4,3,11,Premium
135521,745.92,1,5,Continente Shopping,Feminino,Moda,4,3,5,12,Premium
135535,1021.89,1,5,Garten Shopping,Feminino,Moda,4,3,4,11,Premium
135595,39.99,1,5,Norte Shopping,Feminino,Moda,4,3,2,9,Potencial
135651,629.1,1,5,Balneário Shopping,Feminino,Moda Feminina,4,4,3,11,Premium
135781,759.8199999999999,2,5,Balneário Shopping,Feminino,Eletrodomésticos,4,5,4,13,VIP
135842,460.5,1,5,Balneário Shopping,Feminino,Moda,4,4,3,11,Premium
135867,379.0,1,5,Balneário Shopping,Feminino,Moda,4,4,2,10,Premium
135879,693.5,1,5,Balneário Shopping,Masculino,Moda,4,4,4,12,Premium
135913,199.0,1,5,Balneário Shopping,Feminino,Moda,4,4,1,9,Potencial
135914,229.5,1,5,Balneário Shopping,Feminino,Moda,4,4,1,9,Potencial
135927,5038.0,3,1,Balneário Shopping,Feminino,Moda,5,5,5,15,VIP
135935,609.8,1,5,Continente Shopping,Feminino,Calçados,4,4,4,12,Premium
135984,847.5,1,5,Balneário Shopping,Masculino,Moda,4,4,4,12,Premium
136052,1035.5,1,5,Balneário Shopping,Feminino,Moda,4,4,4,12,Premium
136087,1968.0,1,5,Garten Shopping,Feminino,Eletrônicos,3,3,5,11,Premium
136129,1225.0,1,4,Balneário Shopping,Feminino,Moda,4,4,5,13,VIP
136132,119.94,1,5,Norte Shopping,Masculino,Eletrodomésticos,4,3,2,9,Potencial
136144,896.5,3,0,Balneário Shopping,Masculino,Moda,5,5,4,14,VIP
136152,1723.12,1,5,Norte Shopping,Masculino,Telefonia,4,4,5,13,VIP
136238,448.5,1,5,Balneário Shopping,Feminino,Moda,4,4,3,11,Premium
136245,299.79,2,5,Nações Shopping,Feminino,Esportes,5,5,3,13,VIP
136254,159.5,1,4,Balneário Shopping,Masculino,Moda,4,4,1,9,Potencial
136280,115.0,1,4,Neumarkt Shopping,Masculino,Gastronomia,4,3,2,9,Potencial
136306,648.0,1,4,Balneário Shopping,Feminino,Moda,4,4,3,11,Premium
136374,9.99,1,4,Norte Shopping,Feminino,Eletrodomésticos,5,4,1,10,Premium
136390,276.2,2,3,Balneário Shopping,Feminino,Moda,5,5,2,12,Premium
136406,1795.08,5,4,Neumarkt Shopping,Feminino,Moda,4,5,5,14,VIP
136457,388.5,1,4,Balneário Shopping,Masculino,Moda,4,4,2,10,Premium
136488,717.5,1,4,Balneário Shopping,Masculino,Moda,4,4,4,12,Premium
136516,1988.89,9,4,Garten Shopping,Feminino,Moda Feminina,4,5,5,14,VIP
136518,764.91,1,4,Continente Shopping,Masculino,Moda,4,4,5,13,VIP
136530,129.5,1,4,Balneário Shopping,Feminino,Moda,4,4,1,9,Potencial
136534,504.5,1,4,Balneário Shopping,Masculino,Moda,4,4,3,11,Premium
136537,647.8,1,4,Garten Shopping,Masculino,Moda,4,4,3,11,Premium
136549,1175.25,4,4,Norte Shopping,Feminino,Beleza e Bem-estar,5,5,4,14,VIP
136680,999.6,1,4,Balneário Shopping,Feminino,Calçados,4,4,4,12,Premium
136713,245.5,1,4,Balneário Shopping,Masculino,Moda,4,4,1,9,Potencial
136774,3182.0,1,4,Garten Shopping,Feminino,Joalheria,4,4,5,13,VIP
136816,754.5,1,4,Balneário Shopping,Feminino,Moda,4,4,4,12,Premium
136834,1370.0,2,4,Balneário Shopping,Feminino,Moda,4,5,5,14,VIP
136897,299.9,1,4,Balneário Shopping,Feminino,Infantil,4,4,2,10,Premium
136902,5907.0,2,4,Continente Shopping,Masculino,Telefonia,4,5,5,14,VIP
136905,251.93,1,4,Garten Shopping,Masculino,Moda,4,4,2,10,Premium
136925,398.0,2,4,Balneário Shopping,Feminino,Moda,4,5,2,11,Premium
137019,180.0,1,4,Continente Shopping,Feminino,Presentes e Acessórios,4,4,2,10,Premium
137021,177.5,1,4,Balneário Shopping,Feminino,Moda,4,4,1,9,Potencial
137033,268.0,1,4,Balneário Shopping,Feminino,Moda,4,4,2,10,Premium
137078,558.5,1,4,Balneário Shopping,Masculino,Moda,4,4,3,11,Premium
137123,121.8,1,4,Garten Shopping,Feminino,Papelaria,4,4,2,10,Premium
137132,338.0,1,4,Garten Shopping,Feminino,Beleza e Bem-estar,4,4,2,10,Premium
137234,358.0,1,4,Balneário Shopping,Masculino,Moda,4,4,2,10,Premium
137300,129.5,1,3,Balneário Shopping,Feminino,Moda,5,4,1,10,Premium
137311,2151.0,1,4,Balneário Shopping,Feminino,Joalheria,4,4,5,13,VIP
137353,89.99,1,4,Continente Shopping,Feminino,Moda,4,4,1,9,Potencial
137355,303.98,2,4,Balneário Shopping,Masculino,Moda,4,5,2,11,Premium
137368,341.78000000000003,4,3,Continente Shopping,Outro,Beleza e Bem-estar,5,5,3,13,VIP
137375,617.5,2,4,Balneário Shopping,Feminino,Moda,4,5,3,12,Premium
137452,4302.5,2,4,Balneário Shopping,Feminino,Joalheria,4,5,5,14,VIP
137466,255.94,1,4,Continente Shopping,Feminino,Moda,4,4,3,11,Premium
137470,478.5,1,4,Balneário Shopping,Feminino,Moda,4,4,3,11,Premium
137483,1809.3,2,4,Garten Shopping,Masculino,Moda,4,5,4,13,VIP
137508,56.95,1,3,Balneário Shopping,Feminino,Moda,5,4,1,10,Premium
137520,468.62,2,1,Continente Shopping,Feminino,Calçados,5,5,4,14,VIP
137524,1063.6,1,0,Garten Shopping,Feminino,Moda,5,4,4,13,VIP
137539,558.5,1,3,Balneário Shopping,Masculino,Moda,5,4,3,12,Premium
137552,259.0,1,3,Balneário Shopping,Feminino,Moda,5,4,2,11,Premium
137627,820.89,1,3,Continente Shopping,Feminino,Moda,5,4,5,14,VIP
137631,478.0,1,3,Balneário Shopping,Feminino,Moda,5,4,3,12,Premium
137641,577.0,1,3,Balneário Shopping,Feminino,Moda,5,4,3,12,Premium
137647,989.9,1,3,Garten Shopping,Feminino,Moda,5,4,4,13,VIP
137654,763.0,1,3,Balneário Shopping,Masculino,Beleza e Bem-estar,5,4,4,13,VIP
137683,1559.5,1,3,Balneário Shopping,Masculino,Moda,5,4,5,14,VIP
137737,279.0,1,0,Balneário Shopping,Masculino,Moda,5,4,2,11,Premium
137741,289.9,1,3,Continente Shopping,Masculino,Calçados,5,4,3,12,Premium
137750,498.0,1,3,Balneário Shopping,Feminino,Moda,5,4,3,12,Premium
137793,2635.05,15,3,Balneário Shopping,Feminino,Gastronomia,5,5,5,15,VIP
137801,325.25,2,3,Balneário Shopping,Feminino,Moda,5,5,2,12,Premium
137817,229.75,1,3,Balneário Shopping,Feminino,Moda,5,4,1,10,Premium
137826,368.5,1,3,Balneário Shopping,Feminino,Moda,5,4,2,11,Premium
137832,146.99,1,3,Neumarkt Shopping,Feminino,Casa e Decoração,4,3,2,9,Potencial
137842,299.9,1,3,Continente Shopping,Feminino,Calçados,5,4,3,12,Premium
137870,1049.5,1,1,Balneário Shopping,Feminino,Moda,5,4,4,13,VIP
137914,234.8,1,3,Balneário Shopping,Feminino,Infantil,5,4,1,10,Premium
137949,699.0,1,3,Balneário Shopping,Feminino,Moda,5,4,4,13,VIP
137979,69.0,1,0,Balneário Shopping,Feminino,Moda,5,4,1,10,Premium
138018,299.9,1,3,Continente Shopping,Masculino,Calçados,5,4,3,12,Premium
138032,1070.73,1,3,Continente Shopping,Feminino,Moda,5,4,5,14,VIP
138040,678.91,2,3,Continente Shopping,Feminino,Moda,5,5,4,14,VIP
138041,4599.0,1,3,Garten Shopping,Feminino,Eletrodomésticos,4,4,5,13,VIP
138074,317.8,1,3,Continente Shopping,Feminino,Calçados,5,4,3,12,Premium
138117,305.9,1,3,Continente Shopping,Feminino,Calçados,5,4,3,12,Premium
138211,329.8,1,0,Continente Shopping,Feminino,Calçados,5,4,3,12,Premium
138281,379.5,1,2,Balneário Shopping,Feminino,Moda,5,4,2,11,Premium
138287,259.5,1,2,Balneário Shopping,Feminino,Moda,5,4,2,11,Premium
138317,259.5,1,1,Balneário Shopping,Masculino,Moda,5,4,2,11,Premium
138322,59.0,1,2,Balneário Shopping,Feminino,Moda,5,4,1,10,Premium
138332,569.8,1,2,Continente Shopping,Masculino,Calçados,5,4,4,13,VIP
138358,828.5,1,2,Balneário Shopping,Feminino,Moda,5,4,4,13,VIP
138403,2260.5,1,2,Balneário Shopping,Feminino,Moda,5,4,5,14,VIP
138434,379.9,1,2,Garten Shopping,Feminino,Moda,5,4,2,11,Premium
138464,539.9,1,2,Garten Shopping,Feminino,Moda,5,4,3,12,Premium
138497,269.5,1,2,Balneário Shopping,Feminino,Moda,5,4,2,11,Premium
138529,656.5,1,2,Balneário Shopping,Masculino,Moda,5,4,3,12,Premium
138555,394.5,1,2,Balneário Shopping,Feminino,Moda,5,4,2,11,Premium
138638,158.5,1,2,Balneário Shopping,Feminino,Moda,5,4,1,10,Premium
138643,438.0,1,1,Balneário Shopping,Feminino,Moda,5,4,3,12,Premium
138713,209.98,1,2,Neumarkt Shopping,Masculino,Esportes,5,3,3,11,Premium
138743,59.0,1,2,Balneário Shopping,Masculino,Moda,5,4,1,10,Premium
138762,879.2,1,1,Balneário Shopping,Masculino,Gastronomia,5,4,4,13,VIP
138770,99.5,1,1,Balneário Shopping,Feminino,Moda,5,4,1,10,Premium
138867,379.5,1,1,Balneário Shopping,Feminino,Moda,5,4,2,11,Premium
138898,259.5,1,1,Balneário Shopping,Feminino,Moda,5,4,2,11,Premium
138964,874.5,1,1,Balneário Shopping,Feminino,Moda,5,4,4,13,VIP
139087,417.5,1,0,Balneário Shopping,Masculino,Moda,5,4,2,11,Premium
139091,250.0,1,1,Balneário Shopping,Feminino,Moda,5,4,1,10,Premium
139126,635.0,2,1,Balneário Shopping,Masculino,Moda,5,5,3,13,VIP
139167,597.5,1,1,Balneário Shopping,Feminino,Moda,5,4,3,12,Premium
139214,169.0,1,0,Balneário Shopping,Feminino,Moda,5,4,1,10,Premium
139247,479.5,1,0,Balneário Shopping,Feminino,Moda,5,4,3,12,Premium
139269,159.8,1,0,Neumarkt Shopping,Masculino,Moda,5,3,2,10,Premium
139280,518.0,1,0,Balneário Shopping,Feminino,Moda,5,4,3,12,Premium
139311,101.88999999999999,2,0,Balneário Shopping,Feminino,Beleza e Bem-estar,5,5,1,11,Premium
139333,638.5,1,0,Balneário Shopping,Feminino,Moda,5,4,3,12,Premium
139349,916.5,1,0,Balneário Shopping,Feminino,Moda,5,4,4,13,VIP
139378,358.0,2,0,Balneário Shopping,Feminino,Moda,5,5,2,12,Premium
139480,879.6,2,0,Continente Shopping,Masculino,Calçados,5,5,5,15,VIP
139540,343.21,1,0,Continente Shopping,Masculino,Calçados,5,4,3,12,Premium
139547,4314.0,1,0,Balneário Shopping,Feminino,Moda,5,4,5,14,VIP
139618,159.0,1,0,Balneário Shopping,Feminino,Moda,5,4,1,10,Premium
